0x06,0x5e,0x8b,0x06,0x5e,0x8b
0x07,0x68,0xb3,,0x65,0x91
0x08,0x69,,0x08,0x69,
0x09,0x70,0x93,0x09,0x70,0x93
0x37,0x71,0x94,0x0a,0x71,
0x0b,0x72,,0x0b,0x72,
0x0c,0x73,,0x0c,0x73,0x96
0x0d,0x74,0x97,0x0d,0x74,
0x3b,,,0x0e,0x75,
0x20,0x76,0x99,0x20,0x76,
0x21,0x77,,0x21,0x77,
0x0f,0x78,0x9b,0x0f,0x78,0x9b
0x10,0x79,0x9c,0x10,0x79,
0x3e,,,0x11,,
0x2d,0x7b,0x9e,0x2d,0x7b,
0x12,0x5f,,0x12,0x5f,
0x13,0x7c,,0x13,0x7c,
0x14,0x7d,,0x14,0x7d,
0x2e,0x7e,0xa1,0x2e,,0xa1
0x1a,N/A,N/A,0x15,N/A,N/A
0x46,N/A,N/A,0x42,N/A,N/A
0x1b,N/A,N/A,0x16,N/A,N/A
,N/A,N/A,,N/A,N/A
0x1d,N/A,N/A,0x18,N/A,N/A
0x48,N/A,N/A,0x44,N/A,N/A
0x1e,N/A,N/A,0x19,N/A,N/A
0x49,N/A,N/A,0x45,N/A,N/A
N/A,0x82,N/A,N/A,0x7f,N/A
N/A,N/A,0xa4 0xa8,N/A,N/A,0xa2 0xa6
N/A,N/A,0xc2,N/A,N/A,
N/A,N/A,0xa4 0xa9,N/A,N/A,0xa2 0xa7
N/A,0x83,N/A,N/A,0x80,N/A
N/A,0x87,N/A,N/A,0x85,N/A
N/A,N/A,0xac,N/A,N/A,0xac
N/A,N/A,,N/A,N/A,
N/A,N/A,0xad,N/A,N/A,0xab
N/A,0x88,N/A,N/A,0x86,N/A
N/A,0x84,N/A,N/A,0x81,N/A
N/A,N/A,0xa5 0xa9,N/A,N/A,
0x1c,N/A,N/A,0x17,N/A,N/A
N/A,N/A,N/A,0xc5,0xde,0xf5
N/A,N/A,N/A,,,
N/A,N/A,N/A,,,
N/A,N/A,N/A,0xc8,0xe1,0xf6
N/A,N/A,N/A,0xc9,,
N/A,N/A,N/A,0xca,,
N/A,N/A,N/A,0xcb,,
N/A,N/A,N/A,0xcc,0xe4,0xf7
N/A,N/A,N/A,0xcd,,
N/A,N/A,N/A,,,
N/A,N/A,N/A,,,
N/A,N/A,N/A,,,
N/A,N/A,N/A,,,
N/A,N/A,N/A,,,
N/A,N/A,N/A,0xd1,,
N/A,N/A,N/A,0xd2,0xeb,
N/A,N/A,N/A,0xd3,0xec,extra_0x88
N/A,N/A,N/A,0xd4,,
N/A,N/A,N/A,0xd5,0xed,
N/A,N/A,N/A,0xd6,,0xfc
N/A,N/A,N/A,0xd7,0xee,0xfd
N/A,N/A,N/A,0xd8,0xef,
N/A,N/A,N/A,,,
N/A,N/A,N/A,,,
N/A,N/A,N/A,,0xf2,
N/A,N/A,N/A,0xdc,0xf3,
N/A,N/A,N/A,0xdd,0xf4,
